Workbook

Sheet guide
A1: 품목코드(이카운트) | B1: 바코드(SKU) | C1: 바코드(중포) | D1: 바코드(카톤) | E1: 품목명(이카운트) | F1: 상태 | G1: 판매처 | H1: 판매처관리코드 | I1: 판매처 품목명 | J1: 규격 | K1: 구매처 | L1: 수급형태 | M1: 발주부서 | N1: 발주담당자 | O1: 구매처 품목코드 | P1: 구매처 품목명 | Q1: 창고그룹(이카운트) | R1: 사용창고 | S1: 구분 | T1: 카테고리
A2: daiso1012146 | B2: 8819910121468 | C2: 28819910121462 | D2: 38819910121469 | E2: 1012146/낫 18CM | F2: 판매중 | G2: 다이소 | H2: 1012146 | I2: =VLOOKUP(A:A,[1]기본데이터!$B:$E,4,0) -> 낫 (18 cm) | J2: 18.5cm | K2: NINGBO SOURCE E-BUSINESS CO., LTD | L2: 무역(수입) | M2: 글로벌소싱부 | Q2: 유통사업부 | R2: 툴스피아,우리물류(회송전) | S2: [상품] | T2: 원예
A3: daiso1015891 | D3: 0 | E3: 1015891/다용도 커터[단종] | F3: 단종 | G3: 다이소 | J3: 169mm | L3: 무역(수입) | M3: 글로벌소싱부 | Q3: 유통사업부 | R3: 툴스피아,우리물류(회송전) | S3: [상품] | T3: 공구
A4: daiso1015892 | B4: 8819910158921 | C4: 28819910158925 | D4: 38819910158922 | E4: 1015892/칼+날2P | F4: 판매중 | G4: 다이소 | H4: 1015892 | I4: =VLOOKUP(A:A,[1]기본데이터!$B:$E,4,0) -> 칼+날2P | J4: 121mm | K4: XT-HENAN JUSEN MEASURING TOOLS CO., LTD | L4: 무역(수입) | M4: 글로벌소싱부 | Q4: 유통사업부 | R4: 툴스피아,우리물류(회송전) | S4: [상품] | T4: 공구
A5: daiso1019757 | B5: 8819910197579 | C5: 28819910197573 | D5: 38819910197570 | E5: 1019757/양용타격드라이버 | F5: 판매중 | G5: 다이소 | H5: 1019757 | I5: =VLOOKUP(A:A,[1]기본데이터!$B:$E,4,0) -> 양용타격드라이버 | K5: SHANGQIU KEMING INDUSTRIAL AND MEASURING TOOLS CO. | L5: 무역(수입) | M5: 글로벌소싱부 | Q5: 유통사업부 | R5: 툴스피아,우리물류(회송전) | S5: [상품] | T5: 공구
A6: daiso1019758 | D6: 38819910197587 | E6: 1019758/산업용커터칼세트(리필칼날10p) | F6: 단종 | G6: 다이소 | H6: 1019758 | I6: =VLOOKUP(A:A,[1]기본데이터!$B:$E,4,0) -> 단종 | J6: 칼165mm/칼날18mm | K6: XT-HENAN JUSEN MEASURING TOOLS CO., LTD | L6: 무역(수입) | M6: 글로벌소싱부 | Q6: 유통사업부 | R6: 툴스피아,우리물류(회송전) | S6: [상품] | T6: 공구
A7: daiso1019759 | B7: 8819910197593 | C7: 28819910197597 | D7: 38819910197594 | E7: 1019759/메탈샤워호스4M | F7: 판매중 | G7: 다이소 | H7: 1019759 | I7: =VLOOKUP(A:A,[1]기본데이터!$B:$E,4,0) -> 메탈 샤워호스 (4 m) | J7: 4m | K7: NINGBO SOURCE E-BUSINESS CO., LTD | L7: 무역(수입) | M7: 글로벌소싱부 | Q7: 유통사업부 | R7: 툴스피아,우리물류(회송전) | S7: [상품] | T7: 수전
A8: daiso1021017 | D8: 38819910210170 | E8: 1021017/줄자20M | F8: 단종 | G8: 다이소 | H8: 1021017 | J8: 20m*12mm | K8: XT-HENAN JUSEN MEASURING TOOLS CO., LTD | L8: 무역(수입) | M8: 글로벌소싱부 | Q8: 유통사업부 | R8: 툴스피아,우리물류(회송전) | S8: [상품] | T8: 공구
A9: daiso1024356 | B9: 8819910243566 | C9: 28819910243560 | D9: 38819910243567 | E9: 1024356/필터정수샤워기 | F9: 판매중 | G9: 다이소 | H9: 1024356 | I9: =VLOOKUP(A:A,[1]기본데이터!$B:$E,4,0) -> 필터정수 샤워기 | J9: 80*260mm(필터,세라믹볼,필터시트) | K9: NINGBO ZEXIN SANITARY WARE CO., LTD | L9: 무역(수입) | M9: 글로벌소싱부 | Q9: 유통사업부 | R9: 툴스피아,우리물류(회송전) | S9: [상품] | T9: 필터
A10: daiso1024367 | B10: 8819910243672 | C10: 28819910243676 | D10: 38819910243673 | E10: 1024367/2단계필터샤워기 | F10: 판매중 | G10: 다이소 | H10: 1024367 | I10: =VLOOKUP(A:A,[1]기본데이터!$B:$E,4,0) -> 2단계 필터샤워기 | J10: 80*260mm | K10: NINGBO SMARTLIFE HOURSEWARE PRODUCTS CO., LTD | L10: 무역(수입) | M10: 글로벌소싱부 | Q10: 유통사업부 | R10: 툴스피아,우리물류(회송전) | S10: [상품] | T10: 필터
A11: daiso1024369 | B11: 8819910243696 | C11: 28819910243690 | D11: 38819910243697 | E11: 1024369/필터샤워기리필3p | F11: 판매중 | G11: 다이소 | H11: 1024369 | I11: =VLOOKUP(A:A,[1]기본데이터!$B:$E,4,0) -> 필터 샤워기 리필3P | J11: 3p | K11: 외주포장 | Q11: 유통사업부 | R11: 툴스피아,우리물류(회송전) | S11: [상품] | T11: 필조
A12: daiso1024369-1 | E12: 1024369/필터샤워기리필 조립 | F12: 기타 | G12: 다이소 | K12: 외주포장 | Q12: 유통사업부 | R12: 툴스피아,우리물류(회송전) | S12: [반제품] | T12: 필조
A13: daiso1026718 | B13: 8819910267180 | C13: 28819910267184 | D13: 38819910267181 | E13: 1026718/비타민샤워필터(레몬) | F13: 판매중 | G13: 다이소 | H13: 1026718 | I13: =VLOOKUP(A:A,[1]기본데이터!$B:$E,4,0) -> 비타민 샤워필터(레몬) | J13: 4*14*3*0,145g | K13: (주)마오테크놀러지 | L13: 국내사입 | M13: 물류운영부 | N13: 박유정 | Q13: 유통사업부 | R13: 툴스피아,우리물류(회송전) | S13: [상품] | T13: 필터
A14: daiso1026727 | B14: 8819910267272 | C14: 28819910267276 | D14: 38819910267273 | E14: 1026727/비타민샤워필터(체리블라썸) | F14: 판매중 | G14: 다이소 | H14: 1026727 | I14: =VLOOKUP(A:A,[1]기본데이터!$B:$E,4,0) -> 비타민 샤워필터(체리블라썸) | J14: 4*14*3*0,145g | K14: (주)마오테크놀러지 | L14: 국내사입 | M14: 물류운영부 | N14: 박유정 | Q14: 유통사업부 | R14: 툴스피아,우리물류(회송전) | S14: [상품] | T14: 필터
A15: daiso1026728 | B15: 8819910267289 | C15: 28819910267283 | D15: 38819910267280 | E15: 1026728/비타민샤워필터(라벤더) | F15: 판매중 | G15: 다이소 | H15: 1026728 | I15: =VLOOKUP(A:A,[1]기본데이터!$B:$E,4,0) -> 비타민 샤워필터(라벤다) | J15: 4*14*3*0,145g | K15: (주)마오테크놀러지 | L15: 국내사입 | M15: 물류운영부 | N15: 박유정 | Q15: 유통사업부 | R15: 툴스피아,우리물류(회송전) | S15: [상품] | T15: 필터
A16: daiso1029132 | B16: 8819910291321 | C16: 28819910291325 | D16: 38819910291322 | E16: 1029132/싱크대용 필터헤드(핸디형) | F16: 판매중 | G16: 다이소 | H16: 1029132 | I16: =VLOOKUP(A:A,[1]기본데이터!$B:$E,4,0) -> 싱크대용 필터헤드(핸디형) | J16: 18*8*6 | K16: NINGBO ZEXIN SANITARY WARE CO., LTD | L16: 무역(수입) | M16: 글로벌소싱부 | Q16: 유통사업부 | R16: 툴스피아,우리물류(회송전) | S16: [상품] | T16: 수전
A17: daiso1029133 | B17: 8819910291338 | C17: 28819910291332 | D17: 38819910291339 | E17: 1029133/싱크대용리필필터(4개입) | F17: 판매중 | G17: 다이소 | H17: 1029133 | I17: =VLOOKUP(A:A,[1]기본데이터!$B:$E,4,0) -> 싱크대용리필필터(4개입) | J17: 6*2*1 | K17: NINGBO SOURCE E-BUSINESS CO., LTD | L17: 무역(수입) | M17: 글로벌소싱부 | Q17: 유통사업부 | R17: 툴스피아,우리물류(회송전) | S17: [상품] | T17: 필조
A18: daiso1029133-1 | E18: 1029133/싱크대용리필필터(4개입)_인터넷판매 | F18: 기타 | G18: 다이소 | J18: 6*2*1 | K18: NINGBO SOURCE E-BUSINESS CO., LTD | L18: 무역(수입) | M18: 글로벌소싱부 | Q18: 유통사업부 | R18: 툴스피아,우리물류(회송전) | S18: [상품] | T18: 필조
A19: daiso1029134 | B19: 8819910291345 | C19: 28819910291349 | D19: 38819910291346 | E19: 1029134/녹물차단 필터 | F19: 판매중 | G19: 다이소 | H19: 1029134 | I19: =VLOOKUP(A:A,[1]기본데이터!$B:$E,4,0) -> 녹물차단 필터 | J19: 5*14*3*0 | K19: (주)마오테크놀러지 | L19: 국내사입 | M19: 물류운영부 | N19: 박유정 | Q19: 유통사업부 | R19: 툴스피아,우리물류(회송전) | S19: [상품] | T19: 필터
A20: daiso1029135 | D20: 0 | E20: 1029135/키재기줄자2M | F20: 단종 | G20: 다이소 | J20: 15*12*3.5cm | K20: HENAN HUAJIANG INDUSTRY CO., LTD | L20: 무역(수입) | M20: 글로벌소싱부 | Q20: 유통사업부 | R20: 툴스피아,우리물류(회송전) | S20: [상품] | T20: 공구
A21: daiso10341 | B21: 8808739000108 | C21: 28808739103414 | D21: 38808739103411 | E21: 10341/Fix순간접착제(젤형) | F21: 판매중 | G21: 다이소 | H21: 10341 | I21: =VLOOKUP(A:A,[1]기본데이터!$B:$E,4,0) -> FIX순간접착제(젤형) | J21: 젤형 3g | K21: GS코퍼레이션 | L21: 국내사입 | M21: 물류운영부 | N21: 박유정 | Q21: 유통사업부 | R21: 툴스피아,우리물류(회송전) | S21: [상품] | T21: 접착
A22: daiso10342 | B22: 8808739000108 | C22: 28808739103421 | D22: 38808739103428 | E22: 10342/Fix순간접착제(펜형) | F22: 판매중 | G22: 다이소 | H22: 10342 | I22: =VLOOKUP(A:A,[1]기본데이터!$B:$E,4,0) -> FIX순간접착제(펜형) | J22: 펜형 3g | K22: (주)크록스 | Q22: 유통사업부 | R22: 툴스피아,우리물류(회송전) | S22: [상품] | T22: 접착
A23: daiso1034744 | B23: 8819910347448 | C23: 28819910347442 | D23: 38819910347449 | E23: 1034744/회색 실란트 300ml | F23: 판매중 | G23: 다이소 | H23: 1034744 | I23: =VLOOKUP(A:A,[1]기본데이터!$B:$E,4,0) -> 회색 실란트 300ml | K23: 주식회사 탑씰 | L23: 국내사입 | M23: 물류운영부 | N23: 박유정 | Q23: 유통사업부 | R23: 툴스피아,우리물류(회송전) | S23: [상품] | T23: 접착
A24: daiso1034749 | B24: 8819910347493 | C24: 28819910347497 | D24: 38819910347494 | E24: 1034749/백색 실란트 300ml | F24: 판매중 | G24: 다이소 | H24: 1034749 | I24: =VLOOKUP(A:A,[1]기본데이터!$B:$E,4,0) -> 백색 실란트 300ml | K24: 주식회사 탑씰 | L24: 국내사입 | M24: 물류운영부 | N24: 박유정 | Q24: 유통사업부 | R24: 툴스피아,우리물류(회송전) | S24: [상품] | T24: 접착
A25: daiso1034750 | B25: 8819910347509 | C25: 28819910347503 | D25: 38819910347500 | E25: 1034750/투명 실란트 300ml | F25: 판매중 | G25: 다이소 | H25: 1034750 | I25: =VLOOKUP(A:A,[1]기본데이터!$B:$E,4,0) -> 투명 실란트 300ml | K25: 주식회사 탑씰 | L25: 국내사입 | M25: 물류운영부 | N25: 박유정 | Q25: 유통사업부 | R25: 툴스피아,우리물류(회송전) | S25: [상품] | T25: 접착
A26: daiso1036955 | B26: 8819910369556 | C26: 28819910369550 | D26: 38819910369557 | E26: 1036955/숏샤워기헤드 | F26: 판매중 | G26: 다이소 | H26: 1036955 | I26: =VLOOKUP(A:A,[1]기본데이터!$B:$E,4,0) -> 숏샤워기헤드 | J26: 60*80*135mm | K26: NINGBO SMARTLIFE HOURSEWARE PRODUCTS CO., LTD | L26: 무역(수입) | M26: 글로벌소싱부 | Q26: 유통사업부 | R26: 툴스피아,우리물류(회송전) | S26: [상품] | T26: 필터
A27: daiso1038018 | B27: 8819910380186 | C27: 28819910380180 | D27: 38819910380187 | E27: 1038018/세면대필터세트(리필2개입포함) | F27: 판매중 | G27: 다이소 | H27: 1038018 | I27: =VLOOKUP(A:A,[1]기본데이터!$B:$E,4,0) -> 세면대필터세트(리필2개입) | J27: 2p | K27: NINGBO ZEXIN SANITARY WARE CO., LTD | L27: 무역(수입) | M27: 글로벌소싱부 | Q27: 유통사업부 | R27: 툴스피아,우리물류(회송전) | S27: [상품] | T27: 수전
A28: daiso1038019 | B28: 8819910380193 | C28: 28819910380197 | D28: 38819910380194 | E28: 1038019/세면대필터리필(4개입) | F28: 판매중 | G28: 다이소 | H28: 1038019 | I28: =VLOOKUP(A:A,[1]기본데이터!$B:$E,4,0) -> 세면대필터리필(4개입) | J28: 4p | K28: 외주포장 | Q28: 유통사업부 | R28: 툴스피아,우리물류(회송전) | S28: [상품] | T28: 필터
A29: daiso1038160 | B29: 8819910381602 | C29: 28819910381606 | D29: 38819910381603 | E29: 1038160/홈실리콘마미씰(회색) | F29: 판매중 | G29: 다이소 | H29: 1038160 | I29: =VLOOKUP(A:A,[1]기본데이터!$B:$E,4,0) -> 홈실리콘마미씰(회색) | J29: 80ml(회색) | K29: 주식회사 탑씰 | L29: 국내사입 | M29: 물류운영부 | N29: 박유정 | Q29: 유통사업부 | R29: 툴스피아,우리물류(회송전) | S29: [상품] | T29: 접착
A30: daiso1038291 | B30: 8819910382913 | C30: 28819910382917 | D30: 38808739574846 | E30: 1038291/다용도 청소분사기세트 | F30: 단종 | G30: 다이소 | H30: 1038291 | K30: NINGBO SOURCE E-BUSINESS CO., LTD | L30: 무역(수입) | M30: 글로벌소싱부 | Q30: 유통사업부 | R30: 툴스피아,우리물류(회송전) | S30: [상품] | T30: 수전
A31: daiso1038730 | B31: 8819910387307 | C31: 28819910387301 | D31: 38819910387308 | E31: 1038730/오토락줄자 7.5M | F31: 판매중 | G31: 다이소 | H31: 1038730 | I31: =VLOOKUP(A:A,[1]기본데이터!$B:$E,4,0) -> 오토락줄자(25 mm*7.5 m) | J31: 7.5M | K31: HENAN FOCUS IMPORT AND EXPORT TRADING CO., LTD | L31: 무역(수입) | M31: 글로벌소싱부 | Q31: 유통사업부 | R31: 툴스피아,우리물류(회송전) | S31: [상품] | T31: 공구
A32: daiso1038731 | B32: 8819910387314 | C32: 28819910387318 | D32: 38819910387315 | E32: 1038731/열쇠고리줄자(6mm*2mm) | F32: 판매중 | G32: 다이소 | H32: 1038731 | I32: =VLOOKUP(A:A,[1]기본데이터!$B:$E,4,0) -> 열쇠고리줄자(6 mm*2 m) | J32: 6mm*2mm | K32: HENAN FOCUS IMPORT AND EXPORT TRADING CO., LTD | L32: 무역(수입) | M32: 글로벌소싱부 | Q32: 유통사업부 | R32: 툴스피아,우리물류(회송전) | S32: [상품] | T32: 공구
A33: daiso1041773 | D33: 38819910417739 | E33: 1041773/녹제거제(20g) | F33: 단종 | G33: 다이소 | H33: 1041773 | K33: GS코퍼레이션 | L33: 국내사입 | M33: 물류운영부 | N33: 박유정 | Q33: 유통사업부 | R33: 툴스피아,우리물류(회송전) | S33: [상품] | T33: 케미
A34: daiso1043287 | B34: 0409910432879 | C34: 20409910432873 | D34: 30409910432870 | E34: 1043287/솔릭스픽스(목재용) | F34: 판매중 | G34: 다이소 | H34: 1043287 | I34: =VLOOKUP(A:A,[1]기본데이터!$B:$E,4,0) -> 솔릭스픽스(목재용) | J34: 목재용 20g | K34: GS코퍼레이션 | L34: 국내사입 | M34: 물류운영부 | N34: 박유정 | Q34: 유통사업부 | R34: 툴스피아,우리물류(회송전) | S34: [상품] | T34: 접착
A35: daiso1043838 | D35: 30409910438384 | E35: 1043838/일자브러쉬(40mm) | F35: 단종 | G35: 다이소 | H35: 1043838 | J35: 40mm | K35: ROLLINGDOG (NINGBO) IMP AND EXP CO., LTD | L35: 무역(수입) | M35: 글로벌소싱부 | Q35: 유통사업부 | R35: 툴스피아,우리물류(회송전) | S35: [상품] | T35: 잡화
A36: daiso1043839 | D36: 30409910438391 | E36: 1043839/앵글브러쉬(40mm) | F36: 단종 | G36: 다이소 | H36: 1043839 | J36: 40mm | K36: ROLLINGDOG (NINGBO) IMP AND EXP CO., LTD | L36: 무역(수입) | M36: 글로벌소싱부 | Q36: 유통사업부 | R36: 툴스피아,우리물류(회송전) | S36: [상품] | T36: 잡화
A37: daiso1043840 | D37: 30409910438407 | E37: 1043840/일자브러쉬(65mm) | F37: 단종 | G37: 다이소 | H37: 1043840 | J37: 65mm | K37: ROLLINGDOG (NINGBO) IMP AND EXP CO., LTD | L37: 무역(수입) | M37: 글로벌소싱부 | Q37: 유통사업부 | R37: 툴스피아,우리물류(회송전) | S37: [상품] | T37: 잡화
A38: daiso1043841 | D38: 30409910438414 | E38: 1043841/앵글브러쉬(65mm) | F38: 단종 | G38: 다이소 | H38: 1043841 | J38: 40mm | K38: ROLLINGDOG (NINGBO) IMP AND EXP CO., LTD | L38: 무역(수입) | M38: 글로벌소싱부 | Q38: 유통사업부 | R38: 툴스피아,우리물류(회송전) | S38: [상품] | T38: 잡화
A39: daiso1044098 | B39: 0409910440980 | C39: 20409910440984 | D39: 30409910440981 | E39: 1044098/자바라 가스터보라이터 | F39: 판매중 | G39: 다이소 | H39: 1044098 | I39: =VLOOKUP(A:A,[1]기본데이터!$B:$E,4,0) -> 자바라 가스터보라이터 | K39: YUYAO HAPPY LIGHT INDUSTRIAL PRODUCTS CO., LTD | L39: 무역(수입) | M39: 글로벌소싱부 | Q39: 유통사업부 | R39: 툴스피아,우리물류(회송전) | S39: [상품] | T39: 공구
A40: daiso1045580 | B40: 0409910455809 | C40: 20409910455803 | D40: 30409910455800 | E40: 1045580/미니톱(당김방식) | F40: 판매중 | G40: 다이소 | H40: 1045580 | I40: =VLOOKUP(A:A,[1]기본데이터!$B:$E,4,0) -> 미니톱(당김방식) | J40: (당김방식) | K40: YONGKANG HUARUI IMP AND EXP CO., LTD | L40: 무역(수입) | M40: 글로벌소싱부 | Q40: 유통사업부 | R40: 툴스피아,우리물류(회송전) | S40: [상품] | T40: 공구
A41: daiso1045582 | B41: 0409910455823 | C41: 20409910455827 | D41: 30409910455824 | E41: 1045582/미니톱날(4개입) | F41: 판매중 | G41: 다이소 | H41: 1045582 | I41: =VLOOKUP(A:A,[1]기본데이터!$B:$E,4,0) -> 미니톱날(4개입) | J41: (4개입) | K41: YONGKANG HUARUI IMP AND EXP CO., LTD | L41: 무역(수입) | M41: 글로벌소싱부 | Q41: 유통사업부 | R41: 툴스피아,우리물류(회송전) | S41: [상품] | T41: 공구
A42: daiso1045586 | D42: 30409910455862 | E42: 1045586/길이조절 라쳇 멀티드라이버(PH2) | F42: 단종 | G42: 다이소 | H42: 1045586 | I42: =VLOOKUP(A:A,[1]기본데이터!$B:$E,4,0) -> 길이조절 라쳇 멀티드라이버(PH2) | J42: (PH2) | K42: SHANGQIU KEMING INDUSTRIAL AND MEASURING TOOLS CO. | L42: 무역(수입) | M42: 글로벌소싱부 | Q42: 유통사업부 | R42: 툴스피아,우리물류(회송전) | S42: [상품] | T42: 공구
A43: daiso1045587 | B43: 0409910455878 | C43: 20409910455872 | D43: 30409910455879 | E43: 1045587/미니 토치라이터 | F43: 판매중 | G43: 다이소 | H43: 1045587 | I43: =VLOOKUP(A:A,[1]기본데이터!$B:$E,4,0) -> 미니 토치라이터 | K43: YUYAO HAPPY LIGHT INDUSTRIAL PRODUCTS CO., LTD | L43: 무역(수입) | M43: 글로벌소싱부 | Q43: 유통사업부 | R43: 툴스피아,우리물류(회송전) | S43: [상품] | T43: 공구
A44: daiso1046897 | B44: 0409910468977 | C44: 20409910468971 | D44: 30409910468978 | E44: 1046897/모던샤워기세트 | F44: 판매중 | G44: 다이소 | H44: 1046897 | I44: =VLOOKUP(A:A,[1]기본데이터!$B:$E,4,0) -> 모던샤워기세트(1.5 m) | K44: ZHEJIANG YARTE SANITARY CO., LTD | L44: 무역(수입) | M44: 글로벌소싱부 | Q44: 유통사업부 | R44: 툴스피아,우리물류(회송전) | S44: [상품] | T44: 수전
A45: daiso1050223 | B45: 0409910502237 | C45: 20409910502231 | D45: 30409910502238 | E45: 1050223/아크릴실란트백색(300ml) | F45: 판매중 | G45: 다이소 | H45: 1050223 | I45: =VLOOKUP(A:A,[1]기본데이터!$B:$E,4,0) -> 아크릴실란트백색(300ml) | K45: 주식회사 탑씰 | L45: 국내사입 | M45: 물류운영부 | N45: 박유정 | Q45: 유통사업부 | R45: 툴스피아,우리물류(회송전) | S45: [상품] | T45: 접착
A46: daiso1050224 | B46: 0409910502244 | C46: 20409910502248 | D46: 30409910502245 | E46: 1050224/아크릴실란트회색(300ml) | F46: 판매중 | G46: 다이소 | H46: 1050224 | I46: =VLOOKUP(A:A,[1]기본데이터!$B:$E,4,0) -> 아크릴실란트회색(300ml) | K46: 주식회사 탑씰 | L46: 국내사입 | M46: 물류운영부 | N46: 박유정 | Q46: 유통사업부 | R46: 툴스피아,우리물류(회송전) | S46: [상품] | T46: 접착
A47: daiso1060704 | D47: 0 | E47: 1060704/필터샤워기리필6p | F47: 단종 | G47: 다이소 | I47: =VLOOKUP(A:A,[1]기본데이터!$B:$E,4,0) -> 필터샤워기리필6p | J47: 6p | K47: 외주포장 | Q47: 유통사업부 | R47: 툴스피아,우리물류(회송전) | S47: [상품] | T47: 필조
A48: daiso1067748 | B48: 0409910677485 | C48: 20409910677489 | D48: 30409910677486 | E48: 1067748/필터 마사지 샤워헤드 | F48: 판매중 | G48: 다이소 | H48: 1067748 | I48: =VLOOKUP(A:A,[1]기본데이터!$B:$E,4,0) -> 필터 마사지 샤워헤드 | L48: 무역(수입) | M48: 글로벌소싱부 | Q48: 유통사업부 | R48: 툴스피아,우리물류(회송전) | S48: [상품] | T48: 수전
A49: daiso1067752 | B49: 0409910677522 | C49: 20409910677526 | D49: 30409910677523 | E49: 1067752/간편휴대 필터샤워헤드 | F49: 판매중 | G49: 다이소 | H49: 1067752 | I49: =VLOOKUP(A:A,[1]기본데이터!$B:$E,4,0) -> 간편휴대 필터샤워헤드 | L49: 무역(수입) | M49: 글로벌소싱부 | Q49: 유통사업부 | R49: 툴스피아,우리물류(회송전) | S49: [상품] | T49: 수전
A50: daiso1067753 | B50: 0409910677539 | C50: 20409910677533 | D50: 30409910677530 | E50: 1067753/여행용 샤워기 리필필터(3개입) | F50: 판매중 | G50: 다이소 | H50: 1067753 | I50: =VLOOKUP(A:A,[1]기본데이터!$B:$E,4,0) -> 여행용 샤워기 리필필터(3개입) | L50: 무역(수입) | M50: 글로벌소싱부 | Q50: 유통사업부 | R50: 툴스피아,우리물류(회송전) | S50: [상품] | T50: 수전
A51: daiso1067753-1 | E51: 1067753/여행용 샤워기 리필필터조립 | F51: 기타 | G51: 다이소 | Q51: 유통사업부 | R51: 툴스피아,우리물류(회송전) | S51: [반제품] | T51: 수전
A52: daiso1069778 | B52: 0409910697780 | C52: 20409910697784 | D52: 30409910697781 | E52: 1069778/비타민샤워필터(포레스트) | F52: 판매중 | G52: 다이소 | H52: 1069778 | I52: =VLOOKUP(A:A,[1]기본데이터!$B:$E,4,0) -> 비타민샤워필터(포레스트) | K52: (주)마오테크놀러지 | L52: 국내사입 | M52: 물류운영부 | N52: 박유정 | Q52: 유통사업부 | R52: 툴스피아,우리물류(회송전) | S52: [상품] | T52: 필터
A53: daiso1069779 | B53: 0409910697797 | C53: 20409910697791 | D53: 30409910697798 | E53: 1069779/비타민샤워필터(화이트머스크) | F53: 판매중 | G53: 다이소 | H53: 1069779 | I53: =VLOOKUP(A:A,[1]기본데이터!$B:$E,4,0) -> 비타민샤워필터(화이트머스크) | K53: (주)마오테크놀러지 | L53: 국내사입 | M53: 물류운영부 | N53: 박유정 | Q53: 유통사업부 | R53: 툴스피아,우리물류(회송전) | S53: [상품] | T53: 필터
A54: daiso11857 | B54: 8808739000108 | C54: 28808739118579 | D54: 38808739118576 | E54: 11857/목공(종이)접착제 | F54: 판매중 | G54: 다이소 | H54: 11857 | I54: =VLOOKUP(A:A,[1]기본데이터!$B:$E,4,0) -> 목공(종이)접착제 | J54: 60g | K54: GS코퍼레이션 | L54: 국내사입 | M54: 물류운영부 | N54: 박유정 | Q54: 유통사업부 | R54: 툴스피아,우리물류(회송전) | S54: [상품] | T54: 접착
A55: daiso14508 | B55: 8808739000207 | C55: 28808739145087 | D55: 38808739145084 | E55: 14508/홈실리콘마미씰(백색) | F55: 판매중 | G55: 다이소 | H55: 14508 | I55: =VLOOKUP(A:A,[1]기본데이터!$B:$E,4,0) -> 홈실리콘마미씰(백색) | J55: 80ml(백색) | K55: 주식회사 탑씰 | L55: 국내사입 | M55: 물류운영부 | N55: 박유정 | Q55: 유통사업부 | R55: 툴스피아,우리물류(회송전) | S55: [상품] | T55: 접착
A56: daiso14509 | B56: 8808739000207 | C56: 28808739145094 | D56: 38808739145091 | E56: 14509/솔릭스픽스(금속용) | F56: 판매중 | G56: 다이소 | H56: 14509 | I56: =VLOOKUP(A:A,[1]기본데이터!$B:$E,4,0) -> 솔릭스픽스(금속용) | J56: 금속용 20g | K56: GS코퍼레이션 | L56: 국내사입 | M56: 물류운영부 | N56: 박유정 | Q56: 유통사업부 | R56: 툴스피아,우리물류(회송전) | S56: [상품] | T56: 접착
A57: daiso14510 | D57: 38808739145107 | E57: 14510/미라클픽스(목재용) | F57: 단종 | G57: 다이소 | H57: 14510 | J57: 목재용 10g | K57: (주)에이엠이코리아 | Q57: 유통사업부 | R57: 툴스피아,우리물류(회송전) | S57: [상품] | T57: 접착
A58: daiso14511 | D58: 38808739145114 | E58: 14511/미라클픽스(수중용) | F58: 단종 | G58: 다이소 | H58: 14511 | J58: 수중용 20g | K58: (주)에이엠이코리아 | Q58: 유통사업부 | R58: 툴스피아,우리물류(회송전) | S58: [상품] | T58: 접착
A59: daiso14512 | B59: 8808739000207 | C59: 28808739145124 | D59: 38808739145121 | E59: 14512/홈실리콘마미씰(투명) | F59: 판매중 | G59: 다이소 | H59: 14512 | I59: =VLOOKUP(A:A,[1]기본데이터!$B:$E,4,0) -> 홈실리콘마미씰(투명) | J59: 80ml(투명) | K59: 주식회사 탑씰 | L59: 국내사입 | M59: 물류운영부 | N59: 박유정 | Q59: 유통사업부 | R59: 툴스피아,우리물류(회송전) | S59: [상품] | T59: 접착
A60: daiso25920 | B60: 8808739000306 | C60: 28808739259203 | D60: 38808739259200 | E60: 25920/미니글루건 | F60: 판매중 | G60: 다이소 | H60: 25920 | I60: =VLOOKUP(A:A,[1]기본데이터!$B:$E,4,0) -> 미니글루건 | J60: 10W | K60: NINGBO KINGVOS ELECTRICAL APPLIANCE CO., LTD | L60: 무역(수입) | M60: 글로벌소싱부 | Q60: 유통사업부 | R60: 툴스피아,우리물류(회송전) | S60: [상품] | T60: 공구
A61: daiso25925 | B61: 8808739000108 | C61: 28808739259258 | D61: 38808739259255 | E61: 25925/핫멜트알(소)8p | F61: 판매중 | G61: 다이소 | H61: 25925 | I61: =VLOOKUP(A:A,[1]기본데이터!$B:$E,4,0) -> 핫멜트알 | J61: 7mm/20cm/8P | K61: 외주포장 | Q61: 유통사업부 | R61: 툴스피아,우리물류(회송전) | S61: [제품] | T61: 접착
A62: daiso25926 | D62: 0 | E62: 25926/Fix순간접착제(브러쉬) | F62: 단종 | G62: 다이소 | J62: 7g | K62: (주)크록스 | Q62: 유통사업부 | R62: 툴스피아,우리물류(회송전) | S62: [상품] | T62: 접착
A63: daiso25927 | D63: 0 | E63: 25927/Fix접착제세트(공업용／순간접착제) | F63: 단종 | G63: 다이소 | K63: (주)크록스 | Q63: 유통사업부 | R63: 툴스피아,우리물류(회송전) | S63: [상품] | T63: 접착
A64: daiso30617 | D64: 0 | E64: 30617/다용도가스라이터 | F64: 단종 | G64: 다이소 | J64: 일반 | K64: NINGBO JIAWEI ELECTRON CO., LTD | L64: 무역(수입) | M64: 글로벌소싱부 | Q64: 유통사업부 | R64: 툴스피아,우리물류(회송전) | S64: [상품] | T64: 잡화
A65: daiso30618 | D65: 0 | E65: 30618/다용도가스라이터[고급형] | F65: 단종 | G65: 다이소 | K65: NINGBO JIAWEI ELECTRON CO., LTD | L65: 무역(수입) | M65: 글로벌소싱부 | Q65: 유통사업부 | R65: 툴스피아,우리물류(회송전) | S65: [상품] | T65: 잡화
A66: daiso30915 | B66: 8808739000207 | C66: 28808739309151 | D66: 38808739309158 | E66: 30915/솔릭스픽스(다목적용) | F66: 판매중 | G66: 다이소 | H66: 30915 | I66: =VLOOKUP(A:A,[1]기본데이터!$B:$E,4,0) -> 솔릭스픽스(다목적용) | J66: 다목적용 20g | K66: GS코퍼레이션 | L66: 국내사입 | M66: 물류운영부 | N66: 박유정 | Q66: 유통사업부 | R66: 툴스피아,우리물류(회송전) | S66: [상품] | T66: 케미
A67: daiso30916 | B67: 8808739000207 | C67: 28808739309168 | D67: 38808739309165 | E67: 30916/도어고정쇠(말발굽) | F67: 판매중 | G67: 다이소 | H67: 30916 | I67: =VLOOKUP(A:A,[1]기본데이터!$B:$E,4,0) -> 도어고정쇠(말발굽) | K67: 외주포장 | Q67: 유통사업부 | R67: 툴스피아,우리물류(회송전) | S67: [제품] | T67: 공구
A68: daiso39930 | B68: 8808739000306 | C68: 28808739399305 | D68: 38808739399302 | E68: 39930/바이오홈실리콘(투명) | F68: 판매중 | G68: 다이소 | H68: 39930 | I68: =VLOOKUP(A:A,[1]기본데이터!$B:$E,4,0) -> 바이오홈실리콘(투명) | K68: 주식회사 탑씰 | L68: 국내사입 | M68: 물류운영부 | N68: 박유정 | Q68: 유통사업부 | R68: 툴스피아,우리물류(회송전) | S68: [상품] | T68: 접착
A69: daiso39931 | B69: 8808739000306 | C69: 28808739399312 | D69: 38808739399319 | E69: 39931/바이오홈실리콘(백색) | F69: 판매중 | G69: 다이소 | H69: 39931 | I69: =VLOOKUP(A:A,[1]기본데이터!$B:$E,4,0) -> 바이오홈실리콘(백색) | K69: 주식회사 탑씰 | L69: 국내사입 | M69: 물류운영부 | N69: 박유정 | Q69: 유통사업부 | R69: 툴스피아,우리물류(회송전) | S69: [상품] | T69: 접착
A70: daiso43525 | D70: 38808739435253 | E70: 43525/다용도튜브접착제(30ml) | F70: 단종 | G70: 다이소 | H70: 43525 | K70: (주)크록스 | L70: 무역(수입) | M70: 글로벌소싱부 | Q70: 유통사업부 | R70: 툴스피아,우리물류(회송전) | S70: [상품] | T70: 접착
A71: daiso43526 | B71: 8808739000207 | C71: 28808739435263 | D71: 38808739435260 | E71: 43526/접착제제거제 | F71: 판매중 | G71: 다이소 | H71: 43526 | I71: =VLOOKUP(A:A,[1]기본데이터!$B:$E,4,0) -> 접착제제거제 | K71: GS코퍼레이션 | L71: 국내사입 | M71: 물류운영부 | N71: 박유정 | Q71: 유통사업부 | R71: 툴스피아,우리물류(회송전) | S71: [상품] | T71: 접착
A72: daiso57385 | B72: 8808739000108 | C72: 28808739573859 | D72: 38808739573856 | E72: 57385/FIX순간접착제5G | F72: 판매중 | G72: 다이소 | H72: 57385 | I72: =VLOOKUP(A:A,[1]기본데이터!$B:$E,4,0) -> FIX순간접착제(5 g) | K72: GS코퍼레이션 | L72: 국내사입 | M72: 물류운영부 | N72: 박유정 | Q72: 유통사업부 | R72: 툴스피아,우리물류(회송전) | S72: [상품] | T72: 접착
A73: daiso57386 | B73: 8808739000207 | C73: 28808739573866 | D73: 38808739573863 | E73: 57386/FIX순간접착제20G | F73: 판매중 | G73: 다이소 | H73: 57386 | I73: =VLOOKUP(A:A,[1]기본데이터!$B:$E,4,0) -> FIX순간접착제(20 g) | K73: GS코퍼레이션 | L73: 국내사입 | M73: 물류운영부 | N73: 박유정 | Q73: 유통사업부 | R73: 툴스피아,우리물류(회송전) | S73: [상품] | T73: 접착
A74: daiso57387 | B74: 8808739000108 | C74: 28808739573873 | D74: 38808739573870 | E74: 57387/FIX순간접착제5G(브러쉬형) | F74: 판매중 | G74: 다이소 | H74: 57387 | I74: =VLOOKUP(A:A,[1]기본데이터!$B:$E,4,0) -> FIX순간접착제(5 g)(브러쉬형) | K74: GS코퍼레이션 | L74: 국내사입 | M74: 물류운영부 | N74: 박유정 | Q74: 유통사업부 | R74: 툴스피아,우리물류(회송전) | S74: [상품] | T74: 접착
A75: daiso57388 | B75: 8808739000207 | C75: 28808739573880 | D75: 38808739573887 | E75: 57388/FIX접착제세트(15G＋30ML) | F75: 판매중 | G75: 다이소 | H75: 57388 | I75: =VLOOKUP(A:A,[1]기본데이터!$B:$E,4,0) -> FIX접착제세트(15 g+30 ml) | K75: GS코퍼레이션 | L75: 국내사입 | M75: 물류운영부 | N75: 박유정 | Q75: 유통사업부 | R75: 툴스피아,우리물류(회송전) | S75: [상품] | T75: 접착
A76: daiso57389 | D76: 38808739573894 | E76: 57389/롱노우즈100(가정용) | F76: 단종 | G76: 다이소 | H76: 57389 | L76: 무역(수입) | M76: 글로벌소싱부 | Q76: 유통사업부 | R76: 툴스피아,우리물류(회송전) | S76: [상품] | T76: 공구
A77: daiso57390 | B77: 8808739000207 | C77: 28808739573903 | D77: 38808739573900 | E77: 57390/롱노우즈100 | F77: 판매중 | G77: 다이소 | H77: 57390 | I77: =VLOOKUP(A:A,[1]기본데이터!$B:$E,4,0) -> 롱노우즈100 | K77: NINGBO ZENMY IMP AND EXP CO., LTD | L77: 무역(수입) | M77: 글로벌소싱부 | Q77: 유통사업부 | R77: 툴스피아,우리물류(회송전) | S77: [상품] | T77: 공구
A78: daiso57391 | B78: 8808739000306 | C78: 28808739573910 | D78: 38808739573917 | E78: 57391/롱노우즈150 | F78: 판매중 | G78: 다이소 | H78: 57391 | I78: =VLOOKUP(A:A,[1]기본데이터!$B:$E,4,0) -> 롱노우즈150 | K78: NINGBO ZENMY IMP AND EXP CO., LTD | L78: 무역(수입) | M78: 글로벌소싱부 | Q78: 유통사업부 | R78: 툴스피아,우리물류(회송전) | S78: [상품] | T78: 공구
A79: daiso57392 | B79: 8808739000306 | C79: 28808739573927 | D79: 38808739573924 | E79: 57392/롱노우즈150(손잡이) | F79: 판매중 | G79: 다이소 | H79: 57392 | I79: =VLOOKUP(A:A,[1]기본데이터!$B:$E,4,0) -> 롱노우즈150(손잡이) | K79: NINGBO ZENMY IMP AND EXP CO., LTD | L79: 무역(수입) | M79: 글로벌소싱부 | Q79: 유통사업부 | R79: 툴스피아,우리물류(회송전) | S79: [상품] | T79: 공구
A80: daiso57393 | D80: 38808739573931 | E80: 57393/롱노우즈175 | F80: 단종 | G80: 다이소 | H80: 57393 | L80: 무역(수입) | M80: 글로벌소싱부 | Q80: 유통사업부 | R80: 툴스피아,우리물류(회송전) | S80: [상품] | T80: 공구
A81: daiso57394 | D81: 38808739573948 | E81: 57394/니퍼100(가정용) | F81: 단종 | G81: 다이소 | H81: 57394 | L81: 무역(수입) | M81: 글로벌소싱부 | Q81: 유통사업부 | R81: 툴스피아,우리물류(회송전) | S81: [상품] | T81: 공구
A82: daiso57395 | B82: 8808739000207 | C82: 28808739573958 | D82: 38808739573955 | E82: 57395/니퍼100 | F82: 판매중 | G82: 다이소 | H82: 57395 | I82: =VLOOKUP(A:A,[1]기본데이터!$B:$E,4,0) -> 니퍼100 | K82: NINGBO ZENMY IMP AND EXP CO., LTD | L82: 무역(수입) | M82: 글로벌소싱부 | Q82: 유통사업부 | R82: 툴스피아,우리물류(회송전) | S82: [상품] | T82: 공구
A83: daiso57396 | B83: 8808739000306 | C83: 28808739573965 | D83: 38808739573962 | E83: 57396/니퍼150 | F83: 판매중 | G83: 다이소 | H83: 57396 | I83: =VLOOKUP(A:A,[1]기본데이터!$B:$E,4,0) -> 니퍼150 | K83: NINGBO ZENMY IMP AND EXP CO., LTD | L83: 무역(수입) | M83: 글로벌소싱부 | Q83: 유통사업부 | R83: 툴스피아,우리물류(회송전) | S83: [상품] | T83: 공구
A84: daiso57397 | B84: 8808739000306 | C84: 28808739573972 | D84: 38808739573979 | E84: 57397/니퍼150(손잡이) | F84: 판매중 | G84: 다이소 | H84: 57397 | I84: =VLOOKUP(A:A,[1]기본데이터!$B:$E,4,0) -> 니퍼150(손잡이) | K84: NINGBO ZENMY IMP AND EXP CO., LTD | L84: 무역(수입) | M84: 글로벌소싱부 | Q84: 유통사업부 | R84: 툴스피아,우리물류(회송전) | S84: [상품] | T84: 공구
A85: daiso57398 | D85: 38808739573986 | E85: 57398/니퍼175 | F85: 단종 | G85: 다이소 | H85: 57398 | L85: 무역(수입) | M85: 글로벌소싱부 | Q85: 유통사업부 | R85: 툴스피아,우리물류(회송전) | S85: [상품] | T85: 공구
A86: daiso57399 | D86: 38808739573993 | E86: 57399/펜치100(가정용) | F86: 단종 | G86: 다이소 | H86: 57399 | L86: 무역(수입) | M86: 글로벌소싱부 | Q86: 유통사업부 | R86: 툴스피아,우리물류(회송전) | S86: [상품] | T86: 공구
A87: daiso57400 | B87: 8808739000207 | C87: 28808739574009 | D87: 38808739574006 | E87: 57400/펜치100 | F87: 판매중 | G87: 다이소 | H87: 57400 | I87: =VLOOKUP(A:A,[1]기본데이터!$B:$E,4,0) -> 펜치100 | K87: NINGBO ZENMY IMP AND EXP CO., LTD | L87: 무역(수입) | M87: 글로벌소싱부 | Q87: 유통사업부 | R87: 툴스피아,우리물류(회송전) | S87: [상품] | T87: 공구
A88: daiso57401 | B88: 8808739000306 | C88: 28808739574016 | D88: 38808739574013 | E88: 57401/펜치150 | F88: 판매중 | G88: 다이소 | H88: 57401 | I88: =VLOOKUP(A:A,[1]기본데이터!$B:$E,4,0) -> 펜치150 | K88: NINGBO ZENMY IMP AND EXP CO., LTD | L88: 무역(수입) | M88: 글로벌소싱부 | Q88: 유통사업부 | R88: 툴스피아,우리물류(회송전) | S88: [상품] | T88: 공구
A89: daiso57402 | B89: 8808739000306 | C89: 28808739574023 | D89: 38808739574020 | E89: 57402/펜치150(손잡이) | F89: 판매중 | G89: 다이소 | H89: 57402 | I89: =VLOOKUP(A:A,[1]기본데이터!$B:$E,4,0) -> 펜치150(손잡이) | K89: NINGBO ZENMY IMP AND EXP CO., LTD | L89: 무역(수입) | M89: 글로벌소싱부 | Q89: 유통사업부 | R89: 툴스피아,우리물류(회송전) | S89: [상품] | T89: 공구
A90: daiso57403 | D90: 38808739574037 | E90: 57403/펜치175 | F90: 단종 | G90: 다이소 | H90: 57403 | L90: 무역(수입) | M90: 글로벌소싱부 | Q90: 유통사업부 | R90: 툴스피아,우리물류(회송전) | S90: [상품] | T90: 공구
A91: daiso57404 | D91: 38808739574044 | E91: 57404/벤트노우즈115 | F91: 단종 | G91: 다이소 | H91: 57404 | K91: NINGBO ZENMY IMP AND EXP CO., LTD | L91: 무역(수입) | M91: 글로벌소싱부 | Q91: 유통사업부 | R91: 툴스피아,우리물류(회송전) | S91: [상품] | T91: 공구
A92: daiso57405 | D92: 38808739574051 | E92: 57405/벤트노우즈150 | F92: 단종 | G92: 다이소 | H92: 57405 | L92: 무역(수입) | M92: 글로벌소싱부 | Q92: 유통사업부 | R92: 툴스피아,우리물류(회송전) | S92: [상품] | T92: 공구
A93: daiso57406 | D93: 38808739574068 | E93: 57406/낚시용벤트노우즈150 | F93: 단종 | G93: 다이소 | H93: 57406 | K93: NINGBO ZENMY IMP AND EXP CO., LTD | L93: 무역(수입) | M93: 글로벌소싱부 | Q93: 유통사업부 | R93: 툴스피아,우리물류(회송전) | S93: [상품] | T93: 공구
A94: daiso57407 | D94: 38808739574075 | E94: 57407/플라이어150 | F94: 단종 | G94: 다이소 | H94: 57407 | K94: LINAN ZHENFA TOOLS CO., LTD | L94: 무역(수입) | M94: 글로벌소싱부 | Q94: 유통사업부 | R94: 툴스피아,우리물류(회송전) | S94: [상품] | T94: 공구
A95: daiso57408 | D95: 38808739574082 | E95: 57408/플라이어200 | F95: 단종 | G95: 다이소 | H95: 57408 | K95: LINAN ZHENFA TOOLS CO., LTD | L95: 무역(수입) | M95: 글로벌소싱부 | Q95: 유통사업부 | R95: 툴스피아,우리물류(회송전) | S95: [상품] | T95: 공구
A96: daiso57409 | B96: 8808739000207 | C96: 28808739574092 | D96: 38808739574099 | E96: 57409/간편와이어스트리퍼 | F96: 판매중 | G96: 다이소 | H96: 57409 | I96: =VLOOKUP(A:A,[1]기본데이터!$B:$E,4,0) -> 간편와이어스트리퍼 | K96: NINGBO XINJIAN TOOLS CO., LTD | L96: 무역(수입) | M96: 글로벌소싱부 | Q96: 유통사업부 | R96: 툴스피아,우리물류(회송전) | S96: [상품] | T96: 공구
A97: daiso57410 | B97: 8808739000306 | C97: 28808739574108 | D97: 38808739574105 | E97: 57410/멍키스패너150 | F97: 판매중 | G97: 다이소 | H97: 57410 | I97: =VLOOKUP(A:A,[1]기본데이터!$B:$E,4,0) -> 멍키스패너150 | K97: HUNAN GIGA TRADING CO., LTD | L97: 무역(수입) | M97: 글로벌소싱부 | Q97: 유통사업부 | R97: 툴스피아,우리물류(회송전) | S97: [상품] | T97: 공구
A98: daiso57411 | B98: 8808739000306 | C98: 28808739574115 | D98: 38808739574112 | E98: 57411/멍키스패너200 | F98: 판매중 | G98: 다이소 | H98: 57411 | I98: =VLOOKUP(A:A,[1]기본데이터!$B:$E,4,0) -> 멍키스패너200 | K98: HUNAN GIGA TRADING CO., LTD | L98: 무역(수입) | M98: 글로벌소싱부 | Q98: 유통사업부 | R98: 툴스피아,우리물류(회송전) | S98: [상품] | T98: 공구
A99: daiso57412 | D99: 38808739574129 | E99: 57412/미니망치(나무손잡이) | F99: 단종 | G99: 다이소 | H99: 57412 | L99: 무역(수입) | M99: 글로벌소싱부 | Q99: 유통사업부 | R99: 툴스피아,우리물류(회송전) | S99: [상품] | T99: 공구
A100: daiso57413 | B100: 8808739000306 | C100: 28808739574139 | D100: 38808739574136 | E100: 57413/스틸목망치 | F100: 판매중 | G100: 다이소 | H100: 57413 | I100: =VLOOKUP(A:A,[1]기본데이터!$B:$E,4,0) -> 스틸목망치 | K100: LINYI HUACHUAN IMPORT AND EXPORT CO., LTD | L100: 무역(수입) | M100: 글로벌소싱부 | Q100: 유통사업부 | R100: 툴스피아,우리물류(회송전) | S100: [상품] | T100: 공구
...
